{"do_lower_case": true, "do_basic_tokenize": true, "never_split": null, "unk_token": "[UNK]", "sep_token": "[SEP]", "pad_token": "[PAD]", "cls_token": "[CLS]", "mask_token": "[MASK]", "tokenize_chinese_chars": true, "strip_accents": null, "model_max_length": 512, "special_tokens_map_file": "/home/ukp-reimers/.cache/torch/transformers/448f85f42d7f87f0254da1997bc5cd60cb4607800084132993017232e82432a3.dd8bd9bfd3664b530ea4e645105f557769387b3da9f79bdb55ed556bdd80611d", "tokenizer_file": null, "name_or_path": "nreimers/BERT-Tiny_L-2_H-128_A-2"}